{
  "id" : "950ac58d-213f-45f5-9d7b-07a732b8233e",
  "type" : "BDB",
  "storePath" : "/home/oper/qpid/0000/broker/work/messages",
  "storeUnderfullSize" : "0",
  "storeOverfullSize" : "0",
  "context" : {
    "queue.defaultOverflowPolicy" : "RING",
    "queue.defaultMaximumQueueDepthMessages" : "1000",
    "queue.defaultMaximumQueueDepthBytes" : "1048576"
  },
  "name" : "default",
  "modelVersion" : "9.0",
  "lastUpdatedTime" : 1617972731017,
  "createdTime" : 1617972731017,
  "exchanges" : [ {
    "id" : "08a456c8-6419-49c0-b9a8-6377096d38a0",
    "name" : "amq.direct",
    "type" : "direct",
    "lastUpdatedTime" : 1617972731017,
    "createdTime" : 1617972731017
  }, {
    "id" : "c9d0a0d0-31d4-4704-ad73-1465e6e2967d",
    "name" : "amq.fanout",
    "type" : "fanout",
    "lastUpdatedTime" : 1617972731017,
    "createdTime" : 1617972731017
  }, {
    "id" : "9403b4ef-eb23-4b37-a36d-e54f85423f37",
    "name" : "amq.match",
    "type" : "headers",
    "lastUpdatedTime" : 1617972731017,
    "createdTime" : 1617972731017
  }, {
    "id" : "e283c57c-80d5-41d1-9fce-3078de0b5fd5",
    "name" : "amq.topic",
    "type" : "topic",
    "lastUpdatedTime" : 1617972731017,
    "createdTime" : 1617972731017
  }, {
    "id" : "8c27748a-7187-4e51-9160-d9b80e11dbd9",
    "name" : "request.ABCFR_ABCFRALMMACC1",
    "type" : "topic",
    "durable" : true,
    "durableBindings" : [ {
      "arguments" : { },
      "destination" : "request_be.ABCFR_ABCFRALMMACC1",
      "bindingKey" : "#"
    } ],
    "unroutableMessageBehaviour" : "REJECT",
    "lastUpdatedBy" : "admin",
    "lastUpdatedTime" : 1617972735232,
    "createdBy" : "admin",
    "createdTime" : 1617972734886
  }, {
    "id" : "66e8d6f8-cff1-4621-8788-2fdc6f56a68c",
    "name" : "response",
    "type" : "topic",
    "durable" : true,
    "durableBindings" : [ {
      "arguments" : { },
      "destination" : "response.ABCFR_ABCFRALMMACC1",
      "bindingKey" : "response.ABCFR_ABCFRALMMACC1"
    } ],
    "unroutableMessageBehaviour" : "REJECT",
    "lastUpdatedBy" : "admin",
    "lastUpdatedTime" : 1617972901349,
    "createdBy" : "admin",
    "createdTime" : 1617972735164
  } ],
  "queues" : [ {
    "id" : "21770610-17ec-457e-8be4-c488c02515eb",
    "name" : "request_be.ABCFR_ABCFRALMMACC1",
    "type" : "standard",
    "durable" : true,
    "alertRepeatGap" : 0,
    "alertThresholdMessageAge" : 0,
    "alertThresholdMessageSize" : 0,
    "alertThresholdQueueDepthBytes" : 0,
    "alertThresholdQueueDepthMessages" : 0,
    "alternateBinding" : null,
    "ensureNondestructiveConsumers" : false,
    "holdOnPublishEnabled" : false,
    "maximumDeliveryAttempts" : 0,
    "maximumDistinctGroups" : 0,
    "maximumLiveConsumers" : 0,
    "maximumMessageTtl" : 0,
    "maximumQueueDepthBytes" : 1024000,
    "maximumQueueDepthMessages" : -1,
    "messageDurability" : "ALWAYS",
    "minimumMessageTtl" : 0,
    "noLocal" : false,
    "overflowPolicy" : "REJECT",
    "owner" : null,
    "lastUpdatedBy" : "admin",
    "lastUpdatedTime" : 1617972734491,
    "createdBy" : "admin",
    "createdTime" : 1617972734491
  }, {
    "id" : "3b315f4e-b2c7-4e06-a382-ebd0159ce135",
    "name" : "response.ABCFR_ABCFRALMMACC1",
    "type" : "standard",
    "durable" : true,
    "alertRepeatGap" : 0,
    "alertThresholdMessageAge" : 0,
    "alertThresholdMessageSize" : 0,
    "alertThresholdQueueDepthBytes" : 0,
    "alertThresholdQueueDepthMessages" : 0,
    "alternateBinding" : null,
    "ensureNondestructiveConsumers" : false,
    "holdOnPublishEnabled" : false,
    "maximumDeliveryAttempts" : 0,
    "maximumDistinctGroups" : 0,
    "maximumLiveConsumers" : 0,
    "maximumMessageTtl" : 0,
    "maximumQueueDepthBytes" : 10240000,
    "maximumQueueDepthMessages" : 1000,
    "messageDurability" : "ALWAYS",
    "minimumMessageTtl" : 0,
    "noLocal" : false,
    "overflowPolicy" : "RING",
    "owner" : null,
    "lastUpdatedBy" : "admin",
    "lastUpdatedTime" : 1617972734692,
    "createdBy" : "admin",
    "createdTime" : 1617972734692
  } ]
}