{
  "id" : "379426a6-1b72-4d9f-8cb1-14dfd14d4160",
  "type" : "BDB",
  "storePath" : "/home/oper/qpid/0000/broker/work/messages",
  "storeUnderfullSize" : "0",
  "storeOverfullSize" : "0",
  "context" : {
    "queue.defaultOverflowPolicy" : "RING",
    "queue.defaultMaximumQueueDepthMessages" : "1000",
    "queue.defaultMaximumQueueDepthBytes" : "1048576"
  },
  "name" : "default",
  "modelVersion" : "9.0",
  "lastUpdatedTime" : 1617898388015,
  "createdTime" : 1617898388015,
  "exchanges" : [ {
    "id" : "7b451707-520b-4b41-af01-d1b6e4c3e082",
    "name" : "amq.direct",
    "type" : "direct",
    "lastUpdatedTime" : 1617898388015,
    "createdTime" : 1617898388015
  }, {
    "id" : "fdc3dc0f-703f-49e9-a978-66555e4950b6",
    "name" : "amq.fanout",
    "type" : "fanout",
    "lastUpdatedTime" : 1617898388015,
    "createdTime" : 1617898388015
  }, {
    "id" : "481d3c1c-9205-482b-b31f-a200c394700f",
    "name" : "amq.match",
    "type" : "headers",
    "lastUpdatedTime" : 1617898388015,
    "createdTime" : 1617898388015
  }, {
    "id" : "72b5bb95-c3b3-48c3-9c3b-e4fb850743ed",
    "name" : "amq.topic",
    "type" : "topic",
    "lastUpdatedTime" : 1617898388015,
    "createdTime" : 1617898388015
  }, {
    "id" : "474bcc27-ac3b-4695-9761-e72a1e11b222",
    "name" : "request.ABCFR_ABCFRALMMACC1",
    "type" : "topic",
    "durable" : true,
    "durableBindings" : [ {
      "arguments" : { },
      "destination" : "request_be.ABCFR_ABCFRALMMACC1",
      "bindingKey" : "#"
    } ],
    "unroutableMessageBehaviour" : "REJECT",
    "lastUpdatedBy" : "admin",
    "lastUpdatedTime" : 1617898392299,
    "createdBy" : "admin",
    "createdTime" : 1617898391978
  }, {
    "id" : "1aff256b-741c-416a-8f19-4a7c94f38cc8",
    "name" : "response",
    "type" : "topic",
    "durable" : true,
    "durableBindings" : [ {
      "arguments" : { },
      "destination" : "response.ABCFR_ABCFRALMMACC1",
      "bindingKey" : "response.ABCFR_ABCFRALMMACC1"
    } ],
    "unroutableMessageBehaviour" : "REJECT",
    "lastUpdatedBy" : "admin",
    "lastUpdatedTime" : 1617898453023,
    "createdBy" : "admin",
    "createdTime" : 1617898392240
  } ],
  "queues" : [ {
    "id" : "21bd5cd2-3b43-4f75-8129-0860d51331cf",
    "name" : "request_be.ABCFR_ABCFRALMMACC1",
    "type" : "standard",
    "durable" : true,
    "alertRepeatGap" : 0,
    "alertThresholdMessageAge" : 0,
    "alertThresholdMessageSize" : 0,
    "alertThresholdQueueDepthBytes" : 0,
    "alertThresholdQueueDepthMessages" : 0,
    "alternateBinding" : null,
    "ensureNondestructiveConsumers" : false,
    "holdOnPublishEnabled" : false,
    "maximumDeliveryAttempts" : 0,
    "maximumDistinctGroups" : 0,
    "maximumLiveConsumers" : 0,
    "maximumMessageTtl" : 0,
    "maximumQueueDepthBytes" : 1024000,
    "maximumQueueDepthMessages" : -1,
    "messageDurability" : "ALWAYS",
    "minimumMessageTtl" : 0,
    "noLocal" : false,
    "overflowPolicy" : "REJECT",
    "owner" : null,
    "lastUpdatedBy" : "admin",
    "lastUpdatedTime" : 1617898391579,
    "createdBy" : "admin",
    "createdTime" : 1617898391579
  }, {
    "id" : "be2f438f-3146-41b9-8d7b-bffb76ffcbf1",
    "name" : "response.ABCFR_ABCFRALMMACC1",
    "type" : "standard",
    "durable" : true,
    "alertRepeatGap" : 0,
    "alertThresholdMessageAge" : 0,
    "alertThresholdMessageSize" : 0,
    "alertThresholdQueueDepthBytes" : 0,
    "alertThresholdQueueDepthMessages" : 0,
    "alternateBinding" : null,
    "ensureNondestructiveConsumers" : false,
    "holdOnPublishEnabled" : false,
    "maximumDeliveryAttempts" : 0,
    "maximumDistinctGroups" : 0,
    "maximumLiveConsumers" : 0,
    "maximumMessageTtl" : 0,
    "maximumQueueDepthBytes" : 10240000,
    "maximumQueueDepthMessages" : 1000,
    "messageDurability" : "ALWAYS",
    "minimumMessageTtl" : 0,
    "noLocal" : false,
    "overflowPolicy" : "RING",
    "owner" : null,
    "lastUpdatedBy" : "admin",
    "lastUpdatedTime" : 1617898391777,
    "createdBy" : "admin",
    "createdTime" : 1617898391777
  } ]
}