{
  "id" : "087dc456-7167-4d00-8cec-c692cc8f2f5a",
  "type" : "BDB",
  "storePath" : "/home/oper/qpid/0000/broker/work/messages",
  "storeUnderfullSize" : "0",
  "storeOverfullSize" : "0",
  "context" : {
    "queue.defaultOverflowPolicy" : "RING",
    "queue.defaultMaximumQueueDepthMessages" : "1000",
    "queue.defaultMaximumQueueDepthBytes" : "1048576"
  },
  "name" : "default",
  "modelVersion" : "9.0",
  "lastUpdatedTime" : 1617898096054,
  "createdTime" : 1617898096054,
  "exchanges" : [ {
    "id" : "e2611f62-6592-4ea1-a05a-d8e6bf189c6e",
    "name" : "amq.direct",
    "type" : "direct",
    "lastUpdatedTime" : 1617898096055,
    "createdTime" : 1617898096055
  }, {
    "id" : "40c4e478-4db0-4f50-acbf-c0aafa2a62fb",
    "name" : "amq.fanout",
    "type" : "fanout",
    "lastUpdatedTime" : 1617898096055,
    "createdTime" : 1617898096055
  }, {
    "id" : "24ad7663-8c62-4638-a62f-8ddf8e6b946f",
    "name" : "amq.match",
    "type" : "headers",
    "lastUpdatedTime" : 1617898096055,
    "createdTime" : 1617898096055
  }, {
    "id" : "54433149-b272-4ad6-90d8-ccca00b81e41",
    "name" : "amq.topic",
    "type" : "topic",
    "lastUpdatedTime" : 1617898096055,
    "createdTime" : 1617898096055
  }, {
    "id" : "a6f9f9cd-27b6-411c-9b13-a20b019c7385",
    "name" : "broadcast",
    "type" : "topic",
    "desiredState" : "ACTIVE",
    "durable" : true,
    "lifetimePolicy" : "PERMANENT",
    "alternateBinding" : {
      "destination" : "broadcast_resend"
    },
    "durableBindings" : [ {
      "arguments" : { },
      "destination" : "broadcast.ABCFR_ABCFRALMMACC1.TradeNotification",
      "bindingKey" : "broadcast.ABCFR.TradeNotification.#"
    } ],
    "unroutableMessageBehaviour" : "REJECT",
    "lastUpdatedBy" : "admin",
    "lastUpdatedTime" : 1617898185220,
    "createdBy" : "admin",
    "createdTime" : 1617898100268
  }, {
    "id" : "ddb02071-f422-45c1-abd6-8c453aa27de7",
    "name" : "broadcast_resend",
    "type" : "topic",
    "durable" : true,
    "durableBindings" : [ {
      "arguments" : { },
      "destination" : "broadcast.ABCFR_ABCFRALMMACC1.TradeNotification",
      "bindingKey" : "resend.broadcast.ABCFR_ABCFRALMMACC1.TradeNotification.#"
    } ],
    "unroutableMessageBehaviour" : "REJECT",
    "lastUpdatedBy" : "admin",
    "lastUpdatedTime" : 1617898185221,
    "createdBy" : "admin",
    "createdTime" : 1617898100298
  }, {
    "id" : "1b817647-ef63-44d9-b917-8714ae6f5dd7",
    "name" : "request.ABCFR_ABCFRALMMACC1",
    "type" : "topic",
    "durable" : true,
    "durableBindings" : [ {
      "arguments" : { },
      "destination" : "request_be.ABCFR_ABCFRALMMACC1",
      "bindingKey" : "#"
    } ],
    "unroutableMessageBehaviour" : "REJECT",
    "lastUpdatedBy" : "admin",
    "lastUpdatedTime" : 1617898101148,
    "createdBy" : "admin",
    "createdTime" : 1617898100331
  }, {
    "id" : "7d7f433b-268e-48b3-afb1-7546d2aefa11",
    "name" : "response",
    "type" : "topic",
    "durable" : true,
    "durableBindings" : [ {
      "arguments" : { },
      "destination" : "response.ABCFR_ABCFRALMMACC1",
      "bindingKey" : "response.ABCFR_ABCFRALMMACC1"
    } ],
    "unroutableMessageBehaviour" : "REJECT",
    "lastUpdatedBy" : "admin",
    "lastUpdatedTime" : 1617898185206,
    "createdBy" : "admin",
    "createdTime" : 1617898100633
  } ],
  "queues" : [ {
    "id" : "bebe5ee7-3a97-4e95-97c9-3bb3d6785658",
    "name" : "broadcast.ABCFR_ABCFRALMMACC1.TradeNotification",
    "type" : "standard",
    "durable" : true,
    "alertRepeatGap" : 0,
    "alertThresholdMessageAge" : 0,
    "alertThresholdMessageSize" : 0,
    "alertThresholdQueueDepthBytes" : 0,
    "alertThresholdQueueDepthMessages" : 0,
    "alternateBinding" : null,
    "ensureNondestructiveConsumers" : false,
    "holdOnPublishEnabled" : false,
    "maximumDeliveryAttempts" : 0,
    "maximumDistinctGroups" : 0,
    "maximumLiveConsumers" : 0,
    "maximumMessageTtl" : 0,
    "maximumQueueDepthBytes" : 10485760,
    "maximumQueueDepthMessages" : -1,
    "messageDurability" : "ALWAYS",
    "minimumMessageTtl" : 0,
    "noLocal" : false,
    "overflowPolicy" : "RING",
    "owner" : null,
    "lastUpdatedBy" : "admin",
    "lastUpdatedTime" : 1617898099551,
    "createdBy" : "admin",
    "createdTime" : 1617898099551
  }, {
    "id" : "b76bdf32-4567-4159-9e6c-8f16c32c1f17",
    "name" : "request_be.ABCFR_ABCFRALMMACC1",
    "type" : "standard",
    "durable" : true,
    "alertRepeatGap" : 0,
    "alertThresholdMessageAge" : 0,
    "alertThresholdMessageSize" : 0,
    "alertThresholdQueueDepthBytes" : 0,
    "alertThresholdQueueDepthMessages" : 0,
    "alternateBinding" : null,
    "ensureNondestructiveConsumers" : false,
    "holdOnPublishEnabled" : false,
    "maximumDeliveryAttempts" : 0,
    "maximumDistinctGroups" : 0,
    "maximumLiveConsumers" : 0,
    "maximumMessageTtl" : 0,
    "maximumQueueDepthBytes" : 1024000,
    "maximumQueueDepthMessages" : -1,
    "messageDurability" : "ALWAYS",
    "minimumMessageTtl" : 0,
    "noLocal" : false,
    "overflowPolicy" : "REJECT",
    "owner" : null,
    "lastUpdatedBy" : "admin",
    "lastUpdatedTime" : 1617898099886,
    "createdBy" : "admin",
    "createdTime" : 1617898099886
  }, {
    "id" : "bb50fcdd-df3e-4196-b022-6055bbeba78f",
    "name" : "response.ABCFR_ABCFRALMMACC1",
    "type" : "standard",
    "durable" : true,
    "alertRepeatGap" : 0,
    "alertThresholdMessageAge" : 0,
    "alertThresholdMessageSize" : 0,
    "alertThresholdQueueDepthBytes" : 0,
    "alertThresholdQueueDepthMessages" : 0,
    "alternateBinding" : null,
    "ensureNondestructiveConsumers" : false,
    "holdOnPublishEnabled" : false,
    "maximumDeliveryAttempts" : 0,
    "maximumDistinctGroups" : 0,
    "maximumLiveConsumers" : 0,
    "maximumMessageTtl" : 0,
    "maximumQueueDepthBytes" : 10485760,
    "maximumQueueDepthMessages" : 1000,
    "messageDurability" : "ALWAYS",
    "minimumMessageTtl" : 0,
    "noLocal" : false,
    "overflowPolicy" : "RING",
    "owner" : null,
    "lastUpdatedBy" : "admin",
    "lastUpdatedTime" : 1617898100077,
    "createdBy" : "admin",
    "createdTime" : 1617898100077
  } ]
}