{
  "id" : "5ad20c55-c95c-4d5d-a2a5-3d12759f4a16",
  "type" : "BDB",
  "storePath" : "/home/oper/qpid/0000/broker/work/messages",
  "storeUnderfullSize" : "0",
  "storeOverfullSize" : "0",
  "context" : {
    "queue.defaultOverflowPolicy" : "RING",
    "queue.defaultMaximumQueueDepthMessages" : "1000",
    "queue.defaultMaximumQueueDepthBytes" : "1048576"
  },
  "name" : "default",
  "modelVersion" : "9.0",
  "lastUpdatedTime" : 1617971788487,
  "createdTime" : 1617971788487,
  "exchanges" : [ {
    "id" : "f4c42c67-5b98-42b3-9ce1-7a4ea748d4f9",
    "name" : "amq.direct",
    "type" : "direct",
    "lastUpdatedTime" : 1617971788487,
    "createdTime" : 1617971788487
  }, {
    "id" : "547f4ee2-3dad-4aee-ad9c-f6f298b36074",
    "name" : "amq.fanout",
    "type" : "fanout",
    "lastUpdatedTime" : 1617971788487,
    "createdTime" : 1617971788487
  }, {
    "id" : "bfe8bee1-02a4-4936-82ce-a02fe7482e80",
    "name" : "amq.match",
    "type" : "headers",
    "lastUpdatedTime" : 1617971788487,
    "createdTime" : 1617971788487
  }, {
    "id" : "747253e8-b43b-409e-b6de-520de49c9810",
    "name" : "amq.topic",
    "type" : "topic",
    "lastUpdatedTime" : 1617971788487,
    "createdTime" : 1617971788487
  }, {
    "id" : "f1fbf53b-c5ed-49cc-817f-45e70a3ba6b7",
    "name" : "broadcast",
    "type" : "topic",
    "desiredState" : "ACTIVE",
    "durable" : true,
    "lifetimePolicy" : "PERMANENT",
    "alternateBinding" : {
      "destination" : "broadcast_resend"
    },
    "durableBindings" : [ {
      "arguments" : { },
      "destination" : "broadcast.ABCFR_ABCFRALMMACC1.TradeNotification",
      "bindingKey" : "broadcast.ABCFR.TradeNotification.#"
    } ],
    "unroutableMessageBehaviour" : "REJECT",
    "lastUpdatedBy" : "admin",
    "lastUpdatedTime" : 1617971959818,
    "createdBy" : "admin",
    "createdTime" : 1617971791756
  }, {
    "id" : "5149e738-f5e5-4bdb-8744-1dc3ca1dac98",
    "name" : "broadcast_resend",
    "type" : "topic",
    "durable" : true,
    "durableBindings" : [ {
      "arguments" : { },
      "destination" : "broadcast.ABCFR_ABCFRALMMACC1.TradeNotification",
      "bindingKey" : "resend.broadcast.ABCFR_ABCFRALMMACC1.TradeNotification.#"
    } ],
    "unroutableMessageBehaviour" : "REJECT",
    "lastUpdatedBy" : "admin",
    "lastUpdatedTime" : 1617971959817,
    "createdBy" : "admin",
    "createdTime" : 1617971791786
  }, {
    "id" : "aec3d05f-72dc-40cb-8aa7-e1bc1b97594a",
    "name" : "request.ABCFR_ABCFRALMMACC1",
    "type" : "topic",
    "durable" : true,
    "durableBindings" : [ {
      "arguments" : { },
      "destination" : "request_be.ABCFR_ABCFRALMMACC1",
      "bindingKey" : "#"
    } ],
    "unroutableMessageBehaviour" : "REJECT",
    "lastUpdatedBy" : "admin",
    "lastUpdatedTime" : 1617971792632,
    "createdBy" : "admin",
    "createdTime" : 1617971791820
  }, {
    "id" : "e56c0fe8-458d-4961-b0eb-9742d4f57696",
    "name" : "response",
    "type" : "topic",
    "durable" : true,
    "durableBindings" : [ {
      "arguments" : { },
      "destination" : "response.ABCFR_ABCFRALMMACC1",
      "bindingKey" : "response.ABCFR_ABCFRALMMACC1"
    } ],
    "unroutableMessageBehaviour" : "REJECT",
    "lastUpdatedBy" : "admin",
    "lastUpdatedTime" : 1617971959798,
    "createdBy" : "admin",
    "createdTime" : 1617971792100
  } ],
  "queues" : [ {
    "id" : "372bbe40-1143-44b6-84f0-c623147c7a21",
    "name" : "broadcast.ABCFR_ABCFRALMMACC1.TradeNotification",
    "type" : "standard",
    "durable" : true,
    "alertRepeatGap" : 0,
    "alertThresholdMessageAge" : 0,
    "alertThresholdMessageSize" : 0,
    "alertThresholdQueueDepthBytes" : 0,
    "alertThresholdQueueDepthMessages" : 0,
    "alternateBinding" : null,
    "ensureNondestructiveConsumers" : false,
    "holdOnPublishEnabled" : false,
    "maximumDeliveryAttempts" : 0,
    "maximumDistinctGroups" : 0,
    "maximumLiveConsumers" : 0,
    "maximumMessageTtl" : 0,
    "maximumQueueDepthBytes" : 10485760,
    "maximumQueueDepthMessages" : -1,
    "messageDurability" : "ALWAYS",
    "minimumMessageTtl" : 0,
    "noLocal" : false,
    "overflowPolicy" : "RING",
    "owner" : null,
    "lastUpdatedBy" : "admin",
    "lastUpdatedTime" : 1617971791054,
    "createdBy" : "admin",
    "createdTime" : 1617971791054
  }, {
    "id" : "ae3e7b3b-c309-46b6-b345-c7158095e679",
    "name" : "request_be.ABCFR_ABCFRALMMACC1",
    "type" : "standard",
    "durable" : true,
    "alertRepeatGap" : 0,
    "alertThresholdMessageAge" : 0,
    "alertThresholdMessageSize" : 0,
    "alertThresholdQueueDepthBytes" : 0,
    "alertThresholdQueueDepthMessages" : 0,
    "alternateBinding" : null,
    "ensureNondestructiveConsumers" : false,
    "holdOnPublishEnabled" : false,
    "maximumDeliveryAttempts" : 0,
    "maximumDistinctGroups" : 0,
    "maximumLiveConsumers" : 0,
    "maximumMessageTtl" : 0,
    "maximumQueueDepthBytes" : 1024000,
    "maximumQueueDepthMessages" : -1,
    "messageDurability" : "ALWAYS",
    "minimumMessageTtl" : 0,
    "noLocal" : false,
    "overflowPolicy" : "REJECT",
    "owner" : null,
    "lastUpdatedBy" : "admin",
    "lastUpdatedTime" : 1617971791384,
    "createdBy" : "admin",
    "createdTime" : 1617971791384
  }, {
    "id" : "f9dc9ae9-a1f8-4051-9ab0-f37efdee145b",
    "name" : "response.ABCFR_ABCFRALMMACC1",
    "type" : "standard",
    "durable" : true,
    "alertRepeatGap" : 0,
    "alertThresholdMessageAge" : 0,
    "alertThresholdMessageSize" : 0,
    "alertThresholdQueueDepthBytes" : 0,
    "alertThresholdQueueDepthMessages" : 0,
    "alternateBinding" : null,
    "ensureNondestructiveConsumers" : false,
    "holdOnPublishEnabled" : false,
    "maximumDeliveryAttempts" : 0,
    "maximumDistinctGroups" : 0,
    "maximumLiveConsumers" : 0,
    "maximumMessageTtl" : 0,
    "maximumQueueDepthBytes" : 10485760,
    "maximumQueueDepthMessages" : 1000,
    "messageDurability" : "ALWAYS",
    "minimumMessageTtl" : 0,
    "noLocal" : false,
    "overflowPolicy" : "RING",
    "owner" : null,
    "lastUpdatedBy" : "admin",
    "lastUpdatedTime" : 1617971791555,
    "createdBy" : "admin",
    "createdTime" : 1617971791555
  } ]
}