{
  "id" : "330a7e7c-12b5-47da-858d-2186111a08b5",
  "type" : "BDB",
  "storePath" : "/home/oper/qpid/0000/broker/work/messages",
  "storeUnderfullSize" : "0",
  "storeOverfullSize" : "0",
  "context" : {
    "queue.defaultOverflowPolicy" : "RING",
    "queue.defaultMaximumQueueDepthMessages" : "1000",
    "queue.defaultMaximumQueueDepthBytes" : "1048576"
  },
  "name" : "default",
  "modelVersion" : "9.0",
  "lastUpdatedTime" : 1617897774845,
  "createdTime" : 1617897774845,
  "exchanges" : [ {
    "id" : "0aaddc47-72ab-4516-910a-6607e58a923b",
    "name" : "amq.direct",
    "type" : "direct",
    "lastUpdatedTime" : 1617897774846,
    "createdTime" : 1617897774846
  }, {
    "id" : "45a22c51-e1b4-4b81-977d-20fa41e648f7",
    "name" : "amq.fanout",
    "type" : "fanout",
    "lastUpdatedTime" : 1617897774845,
    "createdTime" : 1617897774845
  }, {
    "id" : "3ddbd7a5-bb01-453f-adf5-55cfbc28bffb",
    "name" : "amq.match",
    "type" : "headers",
    "lastUpdatedTime" : 1617897774845,
    "createdTime" : 1617897774845
  }, {
    "id" : "e4f596b5-e8a8-4fb7-9f29-46f27e3fc0b2",
    "name" : "amq.topic",
    "type" : "topic",
    "lastUpdatedTime" : 1617897774846,
    "createdTime" : 1617897774846
  }, {
    "id" : "485356d0-12de-4410-a778-a99546418e9b",
    "name" : "broadcast",
    "type" : "topic",
    "desiredState" : "ACTIVE",
    "durable" : true,
    "lifetimePolicy" : "PERMANENT",
    "alternateBinding" : {
      "destination" : "broadcast_resend"
    },
    "durableBindings" : [ {
      "arguments" : { },
      "destination" : "broadcast.ABCFR_ABCFRALMMACC1.TradeConfirmation",
      "bindingKey" : "broadcast.ABCFR.TradeConfirmation.#"
    }, {
      "arguments" : { },
      "destination" : "broadcast.ABCFR_ABCFRALMMACC1.Workflow",
      "bindingKey" : "broadcast.ABCFR.Workflow"
    }, {
      "arguments" : { },
      "destination" : "broadcast.ABCFR_ABCFRALMMACC1.Public",
      "bindingKey" : "broadcast.Public.#"
    } ],
    "unroutableMessageBehaviour" : "DISCARD",
    "lastUpdatedBy" : "admin",
    "lastUpdatedTime" : 1617897871200,
    "createdBy" : "admin",
    "createdTime" : 1617897778843
  }, {
    "id" : "328db5ef-7d2e-44c9-ab48-991687ffbe9d",
    "name" : "broadcast_resend",
    "type" : "topic",
    "durable" : true,
    "durableBindings" : [ {
      "arguments" : { },
      "destination" : "broadcast.ABCFR_ABCFRALMMACC1.Public",
      "bindingKey" : "resend.broadcast.ABCFR_ABCFRALMMACC1.Public.#"
    }, {
      "arguments" : { },
      "destination" : "broadcast.ABCFR_ABCFRALMMACC1.TradeConfirmation",
      "bindingKey" : "resend.broadcast.ABCFR_ABCFRALMMACC1.TradeConfirmation.#"
    }, {
      "arguments" : { },
      "destination" : "broadcast.ABCFR_ABCFRALMMACC1.Workflow",
      "bindingKey" : "resend.broadcast.ABCFR_ABCFRALMMACC1.Workflow"
    } ],
    "unroutableMessageBehaviour" : "REJECT",
    "lastUpdatedBy" : "admin",
    "lastUpdatedTime" : 1617897871248,
    "createdBy" : "admin",
    "createdTime" : 1617897778871
  }, {
    "id" : "c9eb399a-74b4-418f-98f2-19030f48a74e",
    "name" : "request.ABCFR_ABCFRALMMACC1",
    "type" : "topic",
    "durable" : true,
    "durableBindings" : [ {
      "arguments" : { },
      "destination" : "request_be.ABCFR_ABCFRALMMACC1.C7",
      "bindingKey" : "#"
    } ],
    "unroutableMessageBehaviour" : "REJECT",
    "lastUpdatedBy" : "admin",
    "lastUpdatedTime" : 1617897871260,
    "createdBy" : "admin",
    "createdTime" : 1617897871133
  }, {
    "id" : "5355d7e3-3104-4de1-ad1e-842b116625bb",
    "name" : "response",
    "type" : "direct",
    "durable" : true,
    "durableBindings" : [ {
      "arguments" : { },
      "destination" : "response.ABCFR_ABCFRALMMACC1",
      "bindingKey" : "response.ABCFR_ABCFRALMMACC1"
    } ],
    "unroutableMessageBehaviour" : "REJECT",
    "lastUpdatedBy" : "admin",
    "lastUpdatedTime" : 1617897871272,
    "createdBy" : "admin",
    "createdTime" : 1617897779219
  } ],
  "queues" : [ {
    "id" : "579b6833-07b2-4acf-96d1-5dd57379265a",
    "name" : "broadcast.ABCFR_ABCFRALMMACC1.Public",
    "type" : "standard",
    "durable" : true,
    "alertRepeatGap" : 0,
    "alertThresholdMessageAge" : 0,
    "alertThresholdMessageSize" : 0,
    "alertThresholdQueueDepthBytes" : 0,
    "alertThresholdQueueDepthMessages" : 0,
    "alternateBinding" : null,
    "ensureNondestructiveConsumers" : false,
    "holdOnPublishEnabled" : false,
    "maximumDeliveryAttempts" : 0,
    "maximumDistinctGroups" : 0,
    "maximumLiveConsumers" : 0,
    "maximumMessageTtl" : 0,
    "maximumQueueDepthBytes" : -1,
    "maximumQueueDepthMessages" : -1,
    "messageDurability" : "ALWAYS",
    "minimumMessageTtl" : 0,
    "noLocal" : false,
    "overflowPolicy" : "REJECT",
    "owner" : null,
    "lastUpdatedBy" : "admin",
    "lastUpdatedTime" : 1617897869837,
    "createdBy" : "admin",
    "createdTime" : 1617897869837
  }, {
    "id" : "390f1cba-7767-44ef-afd6-33aa77fcd0cb",
    "name" : "broadcast.ABCFR_ABCFRALMMACC1.TradeConfirmation",
    "type" : "standard",
    "durable" : true,
    "alertRepeatGap" : 0,
    "alertThresholdMessageAge" : 0,
    "alertThresholdMessageSize" : 0,
    "alertThresholdQueueDepthBytes" : 0,
    "alertThresholdQueueDepthMessages" : 0,
    "alternateBinding" : null,
    "ensureNondestructiveConsumers" : false,
    "holdOnPublishEnabled" : false,
    "maximumDeliveryAttempts" : 0,
    "maximumDistinctGroups" : 0,
    "maximumLiveConsumers" : 0,
    "maximumMessageTtl" : 0,
    "maximumQueueDepthBytes" : -1,
    "maximumQueueDepthMessages" : -1,
    "messageDurability" : "ALWAYS",
    "minimumMessageTtl" : 0,
    "noLocal" : false,
    "overflowPolicy" : "REJECT",
    "owner" : null,
    "lastUpdatedBy" : "admin",
    "lastUpdatedTime" : 1617897869855,
    "createdBy" : "admin",
    "createdTime" : 1617897869855
  }, {
    "id" : "bf43fedb-9d26-4e7f-bae8-335f297f4e4a",
    "name" : "broadcast.ABCFR_ABCFRALMMACC1.Workflow",
    "type" : "standard",
    "durable" : true,
    "alertRepeatGap" : 0,
    "alertThresholdMessageAge" : 0,
    "alertThresholdMessageSize" : 0,
    "alertThresholdQueueDepthBytes" : 0,
    "alertThresholdQueueDepthMessages" : 0,
    "alternateBinding" : null,
    "ensureNondestructiveConsumers" : false,
    "holdOnPublishEnabled" : false,
    "maximumDeliveryAttempts" : 0,
    "maximumDistinctGroups" : 0,
    "maximumLiveConsumers" : 0,
    "maximumMessageTtl" : 0,
    "maximumQueueDepthBytes" : -1,
    "maximumQueueDepthMessages" : -1,
    "messageDurability" : "ALWAYS",
    "minimumMessageTtl" : 0,
    "noLocal" : false,
    "overflowPolicy" : "REJECT",
    "owner" : null,
    "lastUpdatedBy" : "admin",
    "lastUpdatedTime" : 1617897869872,
    "createdBy" : "admin",
    "createdTime" : 1617897869872
  }, {
    "id" : "62d367e1-c41d-421d-b206-d9d65e31de69",
    "name" : "request_be.ABCFR_ABCFRALMMACC1.C7",
    "type" : "standard",
    "durable" : true,
    "alertRepeatGap" : 0,
    "alertThresholdMessageAge" : 0,
    "alertThresholdMessageSize" : 0,
    "alertThresholdQueueDepthBytes" : 0,
    "alertThresholdQueueDepthMessages" : 0,
    "alternateBinding" : null,
    "ensureNondestructiveConsumers" : false,
    "holdOnPublishEnabled" : false,
    "maximumDeliveryAttempts" : 0,
    "maximumDistinctGroups" : 0,
    "maximumLiveConsumers" : 0,
    "maximumMessageTtl" : 0,
    "maximumQueueDepthBytes" : 6144000,
    "maximumQueueDepthMessages" : 6000,
    "messageDurability" : "ALWAYS",
    "minimumMessageTtl" : 0,
    "noLocal" : false,
    "overflowPolicy" : "REJECT",
    "owner" : null,
    "lastUpdatedBy" : "admin",
    "lastUpdatedTime" : 1617897869888,
    "createdBy" : "admin",
    "createdTime" : 1617897869888
  }, {
    "id" : "d4dc736e-5f0e-44f8-a188-23518778da6b",
    "name" : "response.ABCFR_ABCFRALMMACC1",
    "type" : "standard",
    "durable" : true,
    "alertRepeatGap" : 0,
    "alertThresholdMessageAge" : 0,
    "alertThresholdMessageSize" : 0,
    "alertThresholdQueueDepthBytes" : 0,
    "alertThresholdQueueDepthMessages" : 0,
    "alternateBinding" : null,
    "ensureNondestructiveConsumers" : false,
    "holdOnPublishEnabled" : false,
    "maximumDeliveryAttempts" : 0,
    "maximumDistinctGroups" : 0,
    "maximumLiveConsumers" : 0,
    "maximumMessageTtl" : 0,
    "maximumQueueDepthBytes" : 2048000,
    "maximumQueueDepthMessages" : 2000,
    "messageDurability" : "ALWAYS",
    "minimumMessageTtl" : 0,
    "noLocal" : false,
    "overflowPolicy" : "RING",
    "owner" : null,
    "lastUpdatedBy" : "admin",
    "lastUpdatedTime" : 1617897869906,
    "createdBy" : "admin",
    "createdTime" : 1617897869906
  } ]
}